<?xml version="1.0" encoding="UTF-8"?>
<project-private xmlns="http://www.netbeans.org/ns/project-private/1">
    <editor-bookmarks xmlns="http://www.netbeans.org/ns/editor-bookmarks/2" lastBookmarkId="0"/>
    <open-files xmlns="http://www.netbeans.org/ns/projectui-open-files/2">
        <group>
            <file>file:/C:/Users/usuario/Documents/NetBeansProjects/infox/src/DAO/ClientesDAO.java</file>
            <file>file:/C:/Users/usuario/Documents/NetBeansProjects/infox/src/DAO/CarrosDAO.java</file>
            <file>file:/C:/Users/usuario/Documents/NetBeansProjects/infox/src/Telas/frmConsulta.java</file>
            <file>file:/C:/Users/usuario/Documents/NetBeansProjects/infox/src/DAO/CarrosAlugadosDAO.java</file>
            <file>file:/C:/Users/usuario/Documents/NetBeansProjects/infox/src/Javabeans/Clientes.java</file>
            <file>file:/C:/Users/usuario/Documents/NetBeansProjects/infox/src/Telas/frm4CarrosCRUD.java</file>
            <file>file:/C:/Users/usuario/Documents/NetBeansProjects/infox/src/Telas/frm4ClientesCRUD.java</file>
            <file>file:/C:/Users/usuario/Documents/NetBeansProjects/infox/src/Telas/frm5AlugarCarro.java</file>
            <file>file:/C:/Users/usuario/Documents/NetBeansProjects/infox/src/Telas/frm3Menu.java</file>
            <file>file:/C:/Users/usuario/Documents/NetBeansProjects/infox/src/Telas/frm1Splash.java</file>
            <file>file:/C:/Users/usuario/Documents/NetBeansProjects/infox/src/Javabeans/Carros.java</file>
        </group>
    </open-files>
</project-private>
